Optimizer,Train Loss,Train Accuracy,Validation Loss,Validation Accuracy,Validation Precision,Validation Recall,Validation F1 Score,Validation ROC AUC
Adam,"[0.2959789380212708, 0.2411611791195246, 0.22395177479510536]","[0.9449124386485388, 0.944894330009407, 0.9448645994078475]","[0.2533252913401603, 0.23056425383866094, 0.21869878060079195]","[0.9448102809487412, 0.9448102809487412, 0.9448102809487412]","[np.float64(0.0), np.float64(0.0), np.float64(0.0)]","[np.float64(0.0), np.float64(0.0), np.float64(0.0)]","[np.float64(0.0), np.float64(0.0), np.float64(0.0)]","[np.float64(0.7913191107430101), np.float64(0.7981561062837884), np.float64(0.7999394865610691)]"
SGD,"[0.46437924142674125, 0.4557570319695219, 0.4526843693147262]","[0.9449063573891289, 0.9449177090733607, 0.9449177090733607]","[0.4566708320968639, 0.45327244792504395, 0.45179822163649674]","[0.9448102809487412, 0.9448102809487412, 0.9448102809487412]","[np.float64(0.0), np.float64(0.0), np.float64(0.0)]","[np.float64(0.0), np.float64(0.0), np.float64(0.0)]","[np.float64(0.0), np.float64(0.0), np.float64(0.0)]","[np.float64(0.768218838876312), np.float64(0.7815897985874147), np.float64(0.7865953003815236)]"
RMSprop,"[0.2740954818741842, 0.22800504315288042, 0.22102133848834524]","[0.9448587884266336, 0.9449074385019128, 0.9449121683703428]","[0.23554338368226296, 0.22248114860455565, 0.2189754728423117]","[0.9448102809487412, 0.9448102809487412, 0.9448102809487412]","[np.float64(0.0), np.float64(0.0), np.float64(0.0)]","[np.float64(0.0), np.float64(0.0), np.float64(0.0)]","[np.float64(0.0), np.float64(0.0), np.float64(0.0)]","[np.float64(0.7885693372217533), np.float64(0.7924551465628915), np.float64(0.7936144694263726)]"
