Optimizer,Train Loss,Train Accuracy,Validation Loss,Validation Accuracy,Validation Precision,Validation Recall,Validation F1 Score,Validation ROC AUC
Adam,"[0.3356857392697304, 0.25640321961071505, 0.2308386075724089]","[0.9449071682237168, 0.9448813566559993, 0.9448227062874681]","[0.2744183094599639, 0.24066533936753928, 0.22252416099343322]","[0.9448102809487412, 0.9448102809487412, 0.9448102809487412]","[np.float64(0.0), np.float64(0.0), np.float64(0.0)]","[np.float64(0.0), np.float64(0.0), np.float64(0.0)]","[np.float64(0.0), np.float64(0.0), np.float64(0.0)]","[np.float64(0.794490775754207), np.float64(0.7991483486835874), np.float64(0.8001513593393544)]"
SGD,"[0.5695127637132551, 0.560779397780069, 0.5579052314109718]","[0.9449025734943849, 0.9449166279605766, 0.9449083844755988]","[0.5619003316386537, 0.5590494774975419, 0.5574360069069952]","[0.9448102809487412, 0.9448102809487412, 0.9448102809487412]","[np.float64(0.0), np.float64(0.0), np.float64(0.0)]","[np.float64(0.0), np.float64(0.0), np.float64(0.0)]","[np.float64(0.0), np.float64(0.0), np.float64(0.0)]","[np.float64(0.7721046003725944), np.float64(0.7839971194794395), np.float64(0.7886903556637226)]"
RMSprop,"[0.30377745522668353, 0.23660841260155474, 0.2233406406259436]","[0.9449086547537948, 0.9449125737876367, 0.9449139251786167]","[0.24778814058102355, 0.22814665407322657, 0.21870105867713355]","[0.9448102809487412, 0.9448102809487412, 0.9448102809487412]","[np.float64(0.0), np.float64(0.0), np.float64(0.0)]","[np.float64(0.0), np.float64(0.0), np.float64(0.0)]","[np.float64(0.0), np.float64(0.0), np.float64(0.0)]","[np.float64(0.7882489450583086), np.float64(0.7900778906433014), np.float64(0.7933284362747833)]"
