Optimizer,Train Loss,Train Accuracy,Validation Loss,Validation Accuracy,Validation Precision,Validation Recall,Validation F1 Score,Validation ROC AUC
Adam,"[0.2952534030102064, 0.24031278597536826, 0.22318201890852535]","[0.9449140603177147, 0.9448775727612553, 0.9448394635356199]","[0.252812917150343, 0.2298866699606226, 0.2183315894757979]","[0.9448102809487412, 0.9448102809487412, 0.9448102809487412]","[np.float64(0.0), np.float64(0.0), np.float64(0.0)]","[np.float64(0.0), np.float64(0.0), np.float64(0.0)]","[np.float64(0.0), np.float64(0.0), np.float64(0.0)]","[np.float64(0.7937440853138601), np.float64(0.7992280037819756), np.float64(0.800894956840622)]"
SGD,"[0.46539215142266055, 0.4557167633642297, 0.45260928748144647]","[0.9449175739342627, 0.9449173036560666, 0.9449151414304987]","[0.4570155865812114, 0.45309999699811804, 0.45134420726997815]","[0.9448102809487412, 0.9448102809487412, 0.9448102809487412]","[np.float64(0.0), np.float64(0.0), np.float64(0.0)]","[np.float64(0.0), np.float64(0.0), np.float64(0.0)]","[np.float64(0.0), np.float64(0.0), np.float64(0.0)]","[np.float64(0.7607497658282434), np.float64(0.7761018243823417), np.float64(0.78249097434145)]"
RMSprop,"[0.27354673590487794, 0.2278434923314545, 0.22026600689003506]","[0.9448467610469118, 0.9448521666108317, 0.9448518963326357]","[0.2355291863837065, 0.22161589830962158, 0.21809214755028122]","[0.9448102809487412, 0.9448102809487412, 0.9448097403924223]","[np.float64(0.0), np.float64(0.0), np.float64(0.0)]","[np.float64(0.0), np.float64(0.0), np.float64(0.0)]","[np.float64(0.0), np.float64(0.0), np.float64(0.0)]","[np.float64(0.7851277914667355), np.float64(0.792375620149123), np.float64(0.7940329984142247)]"
